Order,Date,Supplier,Description,Qty,Amount EUR
PO-2025-001,2025-01-08,Civic IT,Laptop docks,12,"1,428.00"
PO-2025-002,2025-01-15,North Paper,Recycled paper,80,376.00
PO-2025-003,2025-01-27,SafeWork,Protective gloves,150,592.50
PO-2025-004,2025-02-04,Metro Signs,Wayfinding signs,18,"1,116.00"
PO-2025-005,2025-02-11,Green Office,LED desk lamps,25,875.00
PO-2025-006,2025-02-20,WaterLab,Sampling bottles,60,438.00
PO-2025-007,2025-03-03,Civic IT,Network switches,4,"2,760.00"
PO-2025-008,2025-03-12,Urban Tools,Survey tripods,6,"1,170.00"
PO-2025-009,2025-03-24,North Paper,Archive folders,120,330.00
PO-2025-010,2025-04-02,SafeWork,Safety helmets,30,645.00
PO-2025-011,2025-04-14,Green Office,Meeting chairs,16,"2,080.00"
PO-2025-012,2025-04-29,WaterLab,Field test kits,10,"1,950.00"
