,,,,,,Quar,te,rly,A,cc,o,un,t,A,ctiv,it,y,,,,
,,,,,,,,,,,,,,,,,,,,,
January,to,M,arch,2025 -,v,erified acc,ou,nt tota,ls,,,,,,,,,,,,
,,,,,,,,,,,,,,,,,,,,,
Account,,,,,S,egment,,,,Jan,,,Fe,b,,Mar,,,Q,uar,ter
,,,,,,,,,,,,,,,,,,,,,
Aurora L,abs,,,,E,nterprise,,,,42,,,47,,,51,,,1,40,
,,,,,,,,,,,,,,,,,,,,,
,,,,,S,mall,,,,,,,,,,,,,,,
,,,,,,,,,,,,,,,,,,,,,
Blue Har,bor,,,,,,,,,28,,,31,,,35,,,9,4,
,,,,,b,usiness,,,,,,,,,,,,,,,
,,,,,,,,,,,,,,,,,,,,,
Casa Ver,de,,,,N,onprofit,,,,19,,,22,,,24,,,6,5,
,,,,,,,,,,,,,,,,,,,,,
,,,,,P,ublic,,,,,,,,,,,,,,,
,,,,,,,,,,,,,,,,,,,,,
Delta Wo,rks,,,,,,,,,36,,,39,,,44,,,1,19,
,,,,,s,ector,,,,,,,,,,,,,,,
,,,,,,,,,,,,,,,,,,,,,
Note: Qua,rte,r,values,are the,s,um of Janua,"ry,",Februa,"ry, a",nd M,ar,ch. Se,gm,ent,labels,may,wrap,ont,o,two,lines.
,,,,,,,,,,,,,,,,,,,,,
Synthetic,ben,c,hmark,fixture.,N,o customer,or,commer,cial,data,is,repres,en,ted.,,,,,,,
